{"value":[[0.2361952,50.8603332],[0.236517,50.8601706],[0.236517,50.8597169],[0.2369847,50.8595907],[0.2399576,50.8587497],[0.2408155,50.8596368],[0.2410176,50.8598455],[0.2411694,50.8600246],[0.241506,50.8603707],[0.2417213,50.8604487],[0.2415116,50.8605557],[0.2411084,50.8607896],[0.2410857,50.8608029],[0.2393905,50.8616372],[0.2393919,50.8616714],[0.2393931,50.8617004],[0.2384829,50.8616046],[0.2380211,50.8617923],[0.2371145,50.8609963],[0.2370274,50.8609198],[0.2368714,50.8609601],[0.2368462,50.8609303],[0.2361952,50.8603332]],"Count":23}
